"","PC1","PC2","PC3","PC4","PC5","PC6","PC7","PC8"
"F_TOTAL",0.805383437885801,-0.129052538547999,0.263934308443787,-0.0510266582024573,0.302970888384289,-0.354446709088158,-0.193440006291222,-0.0871496209218114
"F_CITMLB",0.605831120895596,-0.261948685230098,0.534542905471849,0.399103531514597,0.0880753979605781,0.323319996105538,-0.0448614425180665,0.0708953310909674
"SOLID_FATS",0.594354901369924,-0.360288983685005,-0.465765161068592,-0.334618685529355,0.373745846161071,0.163900638873393,0.110066820329945,0.096763462106429
"V_TOTAL",0.811543856458519,0.0753408732424019,0.0166227984989354,-0.324306335131328,-0.39219681347369,-0.0407609806554854,-0.152588609441647,0.22695004660279
"V_REDOR_TOTAL",0.859380691984317,-0.172025648662678,0.0612807048938459,-0.136335107561391,-0.263435476450417,0.0289690409143242,0.283358420472763,-0.242899086173055
"V_STARCHY_TOTAL",0.51311300233227,0.699440488172269,-0.329623537259919,0.0839156089043414,0.0292740697695979,0.207201049136131,-0.253512532158669,-0.154099625969324
"V_STARCHY_OTHER",0.430106801147289,0.792571068614776,0.0851764008995297,0.193067480398803,0.142813505261505,-0.114952480425759,0.301453724775219,0.133510491430348
"G_WHOLE",0.384032217349553,-0.354960197090223,-0.5031756302158,0.657350286050409,-0.133514624941246,-0.147171960570495,-0.00443724882157254,0.0414966369379961
